wallet,type,amount,usd_value,from,to,timestamp,date,signature,token_address,token_symbol
u6PJ8DtQuPFnfmwHbGFULQ4u4EgjDiyYKjVEsynXq2w,TOKEN,1556042784212.185,1556042784212.185,u6PJ8DtQuPFnfmwHbGFULQ4u4EgjDiyYKjVEsynXq2w,GZJhTLSHcmpEDzG5waLgpRTV4oRnywT2G5wQxqxujMo1,2025-08-06 03:49:08,2025-08-06,21hpLPy9qfe7jPTi1d9R6oFWggDTvCruN1FmCNoCs6Brv3fYUHKHVrGQhPLDiC7EHs9x1eSQ946qNAzLxARUGcUx,7hWcHohzwtLddDUG81H2PkWq6KEkMtSDNkYXsso18Fy3,TOKEN-7hWcHohz...
DBmae92YTQKLsNzXcPscxiwPqMcz9stQr2prB5ZCAHPd,TOKEN,4000000000.0,4000000000.0,DBmae92YTQKLsNzXcPscxiwPqMcz9stQr2prB5ZCAHPd,BmFdpraQhkiDQE6SnfG5omcA1VwzqfXrwtNYBwWTymy6,2025-08-04 16:43:42,2025-08-04,3J1q8b6N8wRNof7zVByrB3oX2w2EcEKw3W56ZfMeGwVi9bhKZWeAkmBiQP1VbKZT2QsAG8Lg3bkuS7MGoTDiE1Bo,DezXAZ8z7PnrnRJjz3wXBoRgixCa6xjnB7YaB1pPB263,TOKEN-DezXAZ8z...
HVh6wHNBAsG3pq1Bj5oCzRjoWKVogEDHwUHkRz3ekFgt,TOKEN,766764646.0,766764646.0,1363gx61PRGQTVo58twTqPYqbbPGR6rsVm5bvpTbpg47,HVh6wHNBAsG3pq1Bj5oCzRjoWKVogEDHwUHkRz3ekFgt,2025-07-25 16:55:35,2025-07-25,4kQhN4wTvjKaHsJ1ziJ6CFk4N1MGS1mrUKcKzfLaepVf6uXDuQjUNnmP2NpAu8WoCmYDNDMFUQJ5iJuXfsjR1RLY,3fppUjXzDXpBcDrLecYFuAAj3CkbFMNoLmTmjDYgkkW7,TOKEN-3fppUjXz...
HVh6wHNBAsG3pq1Bj5oCzRjoWKVogEDHwUHkRz3ekFgt,TOKEN,43222222.0,43222222.0,5uNBzQAv3KNrGkA966PDeNNH4GqkPfoGVXuaNf4vN52s,HVh6wHNBAsG3pq1Bj5oCzRjoWKVogEDHwUHkRz3ekFgt,2025-07-29 17:07:00,2025-07-29,5ah1hXVcDZX3hivNQYQdPP1FTDS2Xf2owVZStTAvTqpWjCaBDACBCRWraLYMNqWcPZGSTuBs4RpEp6Yb22kUHe13,4TQtmowSfW3ozmgT1eY9Pa3jqPVt6UPMvtTH4pRbvWPL,TOKEN-4TQtmowS...
HVh6wHNBAsG3pq1Bj5oCzRjoWKVogEDHwUHkRz3ekFgt,TOKEN,29130100.0,29130100.0,HVh6wHNBAsG3pq1Bj5oCzRjoWKVogEDHwUHkRz3ekFgt,BmFdpraQhkiDQE6SnfG5omcA1VwzqfXrwtNYBwWTymy6,2025-08-04 16:45:43,2025-08-04,4M2qRr5GMToCCzrphR73PPqoseZh6iEX5Um2LZYcrxZ82rBSb3myY4V4AaBS8KcLtXeXd5j1aBRDY4GS6oaotKJj,pumpCmXqMfrsAkQ5r49WcJnRayYRqmXz6ae8H7H9Dfn,TOKEN-pumpCmXq...
u6PJ8DtQuPFnfmwHbGFULQ4u4EgjDiyYKjVEsynXq2w,TOKEN,15800085.23,15800085.23,u6PJ8DtQuPFnfmwHbGFULQ4u4EgjDiyYKjVEsynXq2w,HZTVRJHQK7RxuaRB2d3Q8SP1PEtFbt6grHte6BzESwYp,2025-08-06 03:56:11,2025-08-06,g7zbXJBDkkEBGg2enfW2pXpss1cSGJkm6ovkDVaV8juGrVFRrrMtK2aM3XotTzeUWMhJLrCBcpqjG1AeUjzHifU,5MAYDfq5yxtudAhtfyuMBuHZjgAbaS9tbEyEQYAhDS5y,TOKEN-5MAYDfq5...
DBmae92YTQKLsNzXcPscxiwPqMcz9stQr2prB5ZCAHPd,TOKEN,15000000.0,15000000.0,DBmae92YTQKLsNzXcPscxiwPqMcz9stQr2prB5ZCAHPd,BmFdpraQhkiDQE6SnfG5omcA1VwzqfXrwtNYBwWTymy6,2025-08-05 14:09:20,2025-08-05,64FX8aaM3WuDWZea84a8sk13ZQYVGA8BaMgDoRcxH5c5ts8mQT7EFovgp1zpXZrgyhvmcVgPpDqU8Mho3fzAqV9Y,2zMMhcVQEXDtdE6vsFS7S7D5oUodfJHE8vd1gnBouauv,TOKEN-2zMMhcVQ...
DBmae92YTQKLsNzXcPscxiwPqMcz9stQr2prB5ZCAHPd,TOKEN,10080000.0,10080000.0,DBmae92YTQKLsNzXcPscxiwPqMcz9stQr2prB5ZCAHPd,BmFdpraQhkiDQE6SnfG5omcA1VwzqfXrwtNYBwWTymy6,2025-08-05 14:09:20,2025-08-05,7QdDrSuXB2WKatK2uFrPh1hEYB4cTB7ZR2VZvLVnJxHzkLyrgMH99afq5hb6AetoggjhDhRr3xAXmVshokxHfBR,HKJHsYJHMVK5VRyHHk5GhvzY9tBAAtPvDkZfDH6RLDTd,TOKEN-HKJHsYJH...
DBmae92YTQKLsNzXcPscxiwPqMcz9stQr2prB5ZCAHPd,TOKEN,10000000.0,10000000.0,DBmae92YTQKLsNzXcPscxiwPqMcz9stQr2prB5ZCAHPd,BmFdpraQhkiDQE6SnfG5omcA1VwzqfXrwtNYBwWTymy6,2025-08-05 15:43:56,2025-08-05,4hVTvL1hTni7LTrZe8PNQfC3d9XTTAAnJuMRokXiYLWxbYT7EGMzsPS2oM9CaWFk9jjNVhTvbU1xoEdCm3TaicT1,2zMMhcVQEXDtdE6vsFS7S7D5oUodfJHE8vd1gnBouauv,TOKEN-2zMMhcVQ...
DBmae92YTQKLsNzXcPscxiwPqMcz9stQr2prB5ZCAHPd,TOKEN,10000000.0,10000000.0,DBmae92YTQKLsNzXcPscxiwPqMcz9stQr2prB5ZCAHPd,BmFdpraQhkiDQE6SnfG5omcA1VwzqfXrwtNYBwWTymy6,2025-08-03 17:42:02,2025-08-03,bgC5Y5N4HK92yLwMEEdYUwVaxjrqNzTWPHnQdzt3qVH2d6cAjbBE6Yo4hKqUZU5za5Ec9d2FLdSbfAsRLWkJnx5,CNvitvFnSM5ed6K28RUNSaAjqqz5tX1rA5HgaBN9pump,TOKEN-CNvitvFn...
u6PJ8DtQuPFnfmwHbGFULQ4u4EgjDiyYKjVEsynXq2w,TOKEN,7869620.081,7869620.081,u6PJ8DtQuPFnfmwHbGFULQ4u4EgjDiyYKjVEsynXq2w,GCvHhEUYQwTJ8jyf8Lc4bv8jBXyZU4LMMsZCobwEPzvM,2025-08-06 03:57:11,2025-08-06,5uE72zpHD7o8G1Df2MGZ5CF2io88y4SyoHk8CCWDZuddnFiZm2NAzUdU6AzuzPE5g5sJQNauw67V9zqyvS2fp2u2,4QQV4LQUUXAn1eN1XQGrfY65TfLe5STJcfsCQozqyb8T,TOKEN-4QQV4LQU...
DBmae92YTQKLsNzXcPscxiwPqMcz9stQr2prB5ZCAHPd,TOKEN,6184200.0,6184200.0,DBmae92YTQKLsNzXcPscxiwPqMcz9stQr2prB5ZCAHPd,BmFdpraQhkiDQE6SnfG5omcA1VwzqfXrwtNYBwWTymy6,2025-08-01 14:29:42,2025-08-01,2txUxe58nMeSqzrXbUJMXBQMmYbR6aTrJP1tmm1ejusGsLtoW326gX86vxGC7jsLFkpnNXfQ4fqithyHdPH3b1AA,A8C3xuqscfmyLrte3VmTqrAq8kgMASius9AFNANwpump,TOKEN-A8C3xuqs...
HVh6wHNBAsG3pq1Bj5oCzRjoWKVogEDHwUHkRz3ekFgt,TOKEN,5000000.0,5000000.0,HVh6wHNBAsG3pq1Bj5oCzRjoWKVogEDHwUHkRz3ekFgt,BmFdpraQhkiDQE6SnfG5omcA1VwzqfXrwtNYBwWTymy6,2025-07-24 16:57:59,2025-07-24,NcEV9EkZX58op6JgyQe2nPhDUPXdwXLqYG3Cnp3m1LZMhVQwcmoGkverontFGBsiwexajKg56MUstqRbGpXUfR5,DBRiDgJAMsM95moTzJs7M9LnkGErpbv9v6CUR1DXnUu5,TOKEN-DBRiDgJA...
DBmae92YTQKLsNzXcPscxiwPqMcz9stQr2prB5ZCAHPd,TOKEN,5000000.0,5000000.0,DBmae92YTQKLsNzXcPscxiwPqMcz9stQr2prB5ZCAHPd,BmFdpraQhkiDQE6SnfG5omcA1VwzqfXrwtNYBwWTymy6,2025-08-05 15:43:54,2025-08-05,SRwPLcZn5odJuNDKfi8ztabEM83z3EFFVqtsSuXyXWkDs35mjXb7g263Y2Sf2ccD9izLjoRHBep2wqSVyTsSdtT,DitHyRMQiSDhn5cnKMJV2CDDt6sVct96YrECiM49pump,TOKEN-DitHyRMQ...
u6PJ8DtQuPFnfmwHbGFULQ4u4EgjDiyYKjVEsynXq2w,TOKEN,4197891.23,4197891.23,u6PJ8DtQuPFnfmwHbGFULQ4u4EgjDiyYKjVEsynXq2w,FqA8BH3RfQX7Zidw4AoigVYfuWhmjvSd6jZFAVwQNAKg,2025-08-06 03:49:12,2025-08-06,RXkcys1RaooDzB8jSRgVcvFvrupYHPjHrXQ2r2FKvm27MPSGaBQnEzWhFmUiGT7PBsRwrMXU52AjmVBqUgEbBLL,5MAYDfq5yxtudAhtfyuMBuHZjgAbaS9tbEyEQYAhDS5y,TOKEN-5MAYDfq5...
HVh6wHNBAsG3pq1Bj5oCzRjoWKVogEDHwUHkRz3ekFgt,TOKEN,3378250.0,3378250.0,5D4aidAeZhx2g7UK5TLBu3XJM33PeLCSPP7qnbfFs3fC,5tzFkiKscXHK5ZXCGbXZxdw7gTjjD1mBwuoFbhUvuAi9,2025-07-31 14:24:27,2025-07-31,4LdJfGpffhW568XSENSjgTUYcdFmDkQMXSQCvrqDERPc7iSwrAfqABH5TS9iK4ADSrWs96LDfiWKXAijs8abXn3D,HpzUntkU5Ek9ZNB6UtgXfYicgqyroJJoxtJdTFmJTjfC,TOKEN-HpzUntkU...
HVh6wHNBAsG3pq1Bj5oCzRjoWKVogEDHwUHkRz3ekFgt,TOKEN,3266660.0,3266660.0,5D4aidAeZhx2g7UK5TLBu3XJM33PeLCSPP7qnbfFs3fC,A77HErqtfN1hLLpvZ9pCtu66FEtM8BveoaKbbMoZ4RiR,2025-07-31 14:24:27,2025-07-31,4LdJfGpffhW568XSENSjgTUYcdFmDkQMXSQCvrqDERPc7iSwrAfqABH5TS9iK4ADSrWs96LDfiWKXAijs8abXn3D,HpzUntkU5Ek9ZNB6UtgXfYicgqyroJJoxtJdTFmJTjfC,TOKEN-HpzUntkU...
u6PJ8DtQuPFnfmwHbGFULQ4u4EgjDiyYKjVEsynXq2w,TOKEN,3247206.469,3247206.469,u6PJ8DtQuPFnfmwHbGFULQ4u4EgjDiyYKjVEsynXq2w,4yqgcP2EvCyyE14Zd9H2jPFMK59q67YUz7bBnUcKcfVE,2025-08-06 03:36:36,2025-08-06,4eoXgdx7WsFd3iCL6yqnL34svj9HiZ5XV54qCEYXzWiuEfDhJXVRjk3kKKhzhGwQ7Pf5z3yiZfM6xZ4sVeLFExUf,ZBCNpuD7YMXzTHB2fhGkGi78MNsHGLRXUhRewNRm9RU,TOKEN-ZBCNpuD7...
DBmae92YTQKLsNzXcPscxiwPqMcz9stQr2prB5ZCAHPd,TOKEN,3201000.0,3201000.0,DBmae92YTQKLsNzXcPscxiwPqMcz9stQr2prB5ZCAHPd,BmFdpraQhkiDQE6SnfG5omcA1VwzqfXrwtNYBwWTymy6,2025-08-04 16:56:13,2025-08-04,61Lp6HhUc2EZJWVNo8bkGTNBJSLiM7Rj4BvW33XGsuq64sSZAHjjERjBaSHFzhaJ15KHeaerJQvJjtpLBGbbkDVh,EPjFWdd5AufqSSqeM2qN1xzybapC8G4wEGGkZwyTDt1v,USDC
DBmae92YTQKLsNzXcPscxiwPqMcz9stQr2prB5ZCAHPd,TOKEN,3073100.0,3073100.0,DBmae92YTQKLsNzXcPscxiwPqMcz9stQr2prB5ZCAHPd,BmFdpraQhkiDQE6SnfG5omcA1VwzqfXrwtNYBwWTymy6,2025-08-01 14:29:53,2025-08-01,T5pa2fB1Lkgoq1S62yor4dS3Qy29HCNN8nwZU3wYH4fd6UZ5dinGchnRS3wT35mmrAqQxWB4BCjNHfJYumaS6BS,Es9vMFrzaCERmJfrF4H2FYD4KCoNkY11McCe8BenwNYB,USDT
DBmae92YTQKLsNzXcPscxiwPqMcz9stQr2prB5ZCAHPd,TOKEN,3000000.0,3000000.0,DBmae92YTQKLsNzXcPscxiwPqMcz9stQr2prB5ZCAHPd,BmFdpraQhkiDQE6SnfG5omcA1VwzqfXrwtNYBwWTymy6,2025-08-05 13:22:41,2025-08-05,4bKhZa9uTvi45UFjKb95P1fqan4EU79Ytf8qZzT4KwJcFwq9UPt9uJcEghFUVX6FD5LH5a5BrEB1XThNA1ga1jms,DitHyRMQiSDhn5cnKMJV2CDDt6sVct96YrECiM49pump,TOKEN-DitHyRMQ...
HVh6wHNBAsG3pq1Bj5oCzRjoWKVogEDHwUHkRz3ekFgt,TOKEN,2979023.0,2979023.0,5D4aidAeZhx2g7UK5TLBu3XJM33PeLCSPP7qnbfFs3fC,BmFdpraQhkiDQE6SnfG5omcA1VwzqfXrwtNYBwWTymy6,2025-07-31 14:24:27,2025-07-31,4LdJfGpffhW568XSENSjgTUYcdFmDkQMXSQCvrqDERPc7iSwrAfqABH5TS9iK4ADSrWs96LDfiWKXAijs8abXn3D,HpzUntkU5Ek9ZNB6UtgXfYicgqyroJJoxtJdTFmJTjfC,TOKEN-HpzUntkU...
HVh6wHNBAsG3pq1Bj5oCzRjoWKVogEDHwUHkRz3ekFgt,TOKEN,2814999.0,2814999.0,5D4aidAeZhx2g7UK5TLBu3XJM33PeLCSPP7qnbfFs3fC,8NBEbxLknGv5aRYefFrW2qFXoDZyi9fSHJNiJRvEcMBE,2025-07-31 14:24:27,2025-07-31,4LdJfGpffhW568XSENSjgTUYcdFmDkQMXSQCvrqDERPc7iSwrAfqABH5TS9iK4ADSrWs96LDfiWKXAijs8abXn3D,HpzUntkU5Ek9ZNB6UtgXfYicgqyroJJoxtJdTFmJTjfC,TOKEN-HpzUntkU...
DBmae92YTQKLsNzXcPscxiwPqMcz9stQr2prB5ZCAHPd,TOKEN,2770900.0,2770900.0,DBmae92YTQKLsNzXcPscxiwPqMcz9stQr2prB5ZCAHPd,BmFdpraQhkiDQE6SnfG5omcA1VwzqfXrwtNYBwWTymy6,2025-08-01 14:29:30,2025-08-01,2MCEbSK1x7LHs53tVLCG3DQ9eL6gYyL7VDZh4yqMCFc8Xr82QDiASyqGwbdKitfLNdJSvvEez4gERUGdeYzeM23Y,Dz9mQ9NzkBcCsuGPFJ3r1bS4wgqKMHBPiVuniW8Mbonk,TOKEN-Dz9mQ9Nz...
u6PJ8DtQuPFnfmwHbGFULQ4u4EgjDiyYKjVEsynXq2w,TOKEN,2720709.44,2720709.44,u6PJ8DtQuPFnfmwHbGFULQ4u4EgjDiyYKjVEsynXq2w,CKBCxNxdsfZwTwKYHQmBs7J8zpPjCjMJAxcxoBUwExw6,2025-08-06 03:57:13,2025-08-06,4fGrnMbfR4efYNGrLepHYY9zNRhVyQYgm1wbgbmWUDnJ39wXQSjBAKGyz6FiECy4LeQ62da9PwAnpeKhQ2jNEK1m,4QQV4LQUUXAn1eN1XQGrfY65TfLe5STJcfsCQozqyb8T,TOKEN-4QQV4LQU...
HVh6wHNBAsG3pq1Bj5oCzRjoWKVogEDHwUHkRz3ekFgt,TOKEN,2700624.0,2700624.0,5D4aidAeZhx2g7UK5TLBu3XJM33PeLCSPP7qnbfFs3fC,9WzDXwBbmkg8ZTbNMqUxvQRAyrZzDsGYdLVL9zYtAWWM,2025-07-31 14:24:27,2025-07-31,4LdJfGpffhW568XSENSjgTUYcdFmDkQMXSQCvrqDERPc7iSwrAfqABH5TS9iK4ADSrWs96LDfiWKXAijs8abXn3D,HpzUntkU5Ek9ZNB6UtgXfYicgqyroJJoxtJdTFmJTjfC,TOKEN-HpzUntkU...
HVh6wHNBAsG3pq1Bj5oCzRjoWKVogEDHwUHkRz3ekFgt,TOKEN,2311074.0,2311074.0,5D4aidAeZhx2g7UK5TLBu3XJM33PeLCSPP7qnbfFs3fC,6FEVkH17P9y8Q9aCkDdPcMDjvj7SVxrTETaYEm8f51Jy,2025-07-31 14:24:27,2025-07-31,4LdJfGpffhW568XSENSjgTUYcdFmDkQMXSQCvrqDERPc7iSwrAfqABH5TS9iK4ADSrWs96LDfiWKXAijs8abXn3D,HpzUntkU5Ek9ZNB6UtgXfYicgqyroJJoxtJdTFmJTjfC,TOKEN-HpzUntkU...
HVh6wHNBAsG3pq1Bj5oCzRjoWKVogEDHwUHkRz3ekFgt,TOKEN,2114028.0,2114028.0,5D4aidAeZhx2g7UK5TLBu3XJM33PeLCSPP7qnbfFs3fC,u6PJ8DtQuPFnfmwHbGFULQ4u4EgjDiyYKjVEsynXq2w,2025-07-31 14:24:27,2025-07-31,4LdJfGpffhW568XSENSjgTUYcdFmDkQMXSQCvrqDERPc7iSwrAfqABH5TS9iK4ADSrWs96LDfiWKXAijs8abXn3D,HpzUntkU5Ek9ZNB6UtgXfYicgqyroJJoxtJdTFmJTjfC,TOKEN-HpzUntkU...
DBmae92YTQKLsNzXcPscxiwPqMcz9stQr2prB5ZCAHPd,TOKEN,2080862.0,2080862.0,xv4t5VqVGaH8YfHt4XZDRGKuNMiFpRRAzBHtChuxSiL,9YCGpG18ZkAsyVsSCMXcUH7UET2rHuJDNesry1gyXZbc,2025-08-04 17:19:24,2025-08-04,nifUSfRVqmBBj7oK67NMJyEKtJb6LsUht1w7xiz5wx2X3Rzs2TDoDrC1Xt2fXnegc21d4ZfKy2j9n6qyMeTPFq8,7cjG5MfGajAxaqr3JFQM5pdBTYibhLP4WGt8RN9ipump,TOKEN-7cjG5MfG...
HVh6wHNBAsG3pq1Bj5oCzRjoWKVogEDHwUHkRz3ekFgt,TOKEN,2078780.0,2078780.0,5D4aidAeZhx2g7UK5TLBu3XJM33PeLCSPP7qnbfFs3fC,HVh6wHNBAsG3pq1Bj5oCzRjoWKVogEDHwUHkRz3ekFgt,2025-07-31 14:24:27,2025-07-31,4LdJfGpffhW568XSENSjgTUYcdFmDkQMXSQCvrqDERPc7iSwrAfqABH5TS9iK4ADSrWs96LDfiWKXAijs8abXn3D,HpzUntkU5Ek9ZNB6UtgXfYicgqyroJJoxtJdTFmJTjfC,TOKEN-HpzUntkU...
HVh6wHNBAsG3pq1Bj5oCzRjoWKVogEDHwUHkRz3ekFgt,TOKEN,2067169.0,2067169.0,xv4t5VqVGaH8YfHt4XZDRGKuNMiFpRRAzBHtChuxSiL,HVh6wHNBAsG3pq1Bj5oCzRjoWKVogEDHwUHkRz3ekFgt,2025-08-04 17:19:25,2025-08-04,4ii3rdAnEPeUjssGdPVSkw6fgBmt51TuwD5oyxcmHpiVu4DcLuPiKoLdQYv3ZcLgQN2cZFodt5pCRv8jRq9fwQgh,7cjG5MfGajAxaqr3JFQM5pdBTYibhLP4WGt8RN9ipump,TOKEN-7cjG5MfG...
HVh6wHNBAsG3pq1Bj5oCzRjoWKVogEDHwUHkRz3ekFgt,TOKEN,2033149.0,2033149.0,5D4aidAeZhx2g7UK5TLBu3XJM33PeLCSPP7qnbfFs3fC,FWznbcNXWQuHTawe9RxvQ2LdCENssh12dsznf4RiouN5,2025-07-31 14:24:27,2025-07-31,4LdJfGpffhW568XSENSjgTUYcdFmDkQMXSQCvrqDERPc7iSwrAfqABH5TS9iK4ADSrWs96LDfiWKXAijs8abXn3D,HpzUntkU5Ek9ZNB6UtgXfYicgqyroJJoxtJdTFmJTjfC,TOKEN-HpzUntkU...
DBmae92YTQKLsNzXcPscxiwPqMcz9stQr2prB5ZCAHPd,TOKEN,2000000.0,2000000.0,DBmae92YTQKLsNzXcPscxiwPqMcz9stQr2prB5ZCAHPd,BmFdpraQhkiDQE6SnfG5omcA1VwzqfXrwtNYBwWTymy6,2025-08-01 14:30:01,2025-08-01,5b7LPrbQ52h4B7cDATym6Q9aHgHttj62Mm7q2FqeCHSRACW6NuSQN6a6P5NvZ1odRcsMdyg6j9vR4tCR8XSkZPan,FUAfBo2jgks6gB4Z4LfZkqSZgzNucisEHqnNebaRxM1P,TOKEN-FUAfBo2j...
DBmae92YTQKLsNzXcPscxiwPqMcz9stQr2prB5ZCAHPd,TOKEN,2000000.0,2000000.0,DBmae92YTQKLsNzXcPscxiwPqMcz9stQr2prB5ZCAHPd,BmFdpraQhkiDQE6SnfG5omcA1VwzqfXrwtNYBwWTymy6,2025-08-02 05:27:53,2025-08-02,2XmnWsj6utjQwpvVsPauiWbCCKMxYJF7mhxQD4eevdqYmHvRPmL1KmiSztPAwPQymgeNocg2P9yrM9M6aecQnawG,C29ebrgYjYoJPMGPnPSGY1q3mMGk4iDSqnQeQQA7moon,TOKEN-C29ebrgY...
HVh6wHNBAsG3pq1Bj5oCzRjoWKVogEDHwUHkRz3ekFgt,TOKEN,2000000.0,2000000.0,HVh6wHNBAsG3pq1Bj5oCzRjoWKVogEDHwUHkRz3ekFgt,BmFdpraQhkiDQE6SnfG5omcA1VwzqfXrwtNYBwWTymy6,2025-08-01 14:40:11,2025-08-01,mJqVqhaD1FPvNaY3xeFZ3tBzuGQMyxxrF81UwMH4XhBjSggF3vgvDfLEVaFFntNuiQZ9mmQqja6P7hJyRDG3pCi,xxxxa1sKNGwFtw2kFn8XauW9xq8hBZ5kVtcSesTT9fW,TOKEN-xxxxa1sK...
DBmae92YTQKLsNzXcPscxiwPqMcz9stQr2prB5ZCAHPd,TOKEN,2000000.0,2000000.0,DBmae92YTQKLsNzXcPscxiwPqMcz9stQr2prB5ZCAHPd,BmFdpraQhkiDQE6SnfG5omcA1VwzqfXrwtNYBwWTymy6,2025-08-01 14:29:42,2025-08-01,63we61DXzkULwyHwsAFhBUSKL68zirRmTcNHvGhKjv9HCuZ5SCP2QmWHHTKrSFpNM1whaPuMqe4NFoZEgEhGYfvn,6AJcP7wuLwmRYLBNbi825wgguaPsWzPBEHcHndpRpump,TOKEN-6AJcP7wu...
u6PJ8DtQuPFnfmwHbGFULQ4u4EgjDiyYKjVEsynXq2w,TOKEN,1948532.84,1948532.84,u6PJ8DtQuPFnfmwHbGFULQ4u4EgjDiyYKjVEsynXq2w,8v9n2igw7JDXDUAri6BPqJuyr5wLC77YcRDdoJAq7ZWG,2025-08-06 03:29:38,2025-08-06,5Z3MDKpMquU897At7QZ2LNB9JazrQBo6U3S7QGtiyU83boGERewdw7hWDCK3t56noYSFoERebB9EyGMooJ7MS2fd,NeonTjSjsuo3rexg9o6vHuMXw62f9V7zvmu8M8Zut44,TOKEN-NeonTjSj...
u6PJ8DtQuPFnfmwHbGFULQ4u4EgjDiyYKjVEsynXq2w,TOKEN,1914296.34,1914296.34,u6PJ8DtQuPFnfmwHbGFULQ4u4EgjDiyYKjVEsynXq2w,HwbW3Xi6sh18KN7uykxYwtBNF6bpHbqdrUz27TL5joPf,2025-08-06 03:37:41,2025-08-06,5i7cofiHauZBDwswF1sPvpcwZTGdFRZd8uXbzMHU8Ybc7VZ2QLu4KtbM7ErKtJGW6hiDm6n4pyjqtpgjAkAKPh9h,ZBCNpuD7YMXzTHB2fhGkGi78MNsHGLRXUhRewNRm9RU,TOKEN-ZBCNpuD7...
HVh6wHNBAsG3pq1Bj5oCzRjoWKVogEDHwUHkRz3ekFgt,TOKEN,1874476.0,1874476.0,xv4t5VqVGaH8YfHt4XZDRGKuNMiFpRRAzBHtChuxSiL,EYx38G5SbdTGmocN2jdUQA1GCiHq1WNhSWwvsf11H6Zp,2025-08-04 17:19:25,2025-08-04,4ii3rdAnEPeUjssGdPVSkw6fgBmt51TuwD5oyxcmHpiVu4DcLuPiKoLdQYv3ZcLgQN2cZFodt5pCRv8jRq9fwQgh,7cjG5MfGajAxaqr3JFQM5pdBTYibhLP4WGt8RN9ipump,TOKEN-7cjG5MfG...
HVh6wHNBAsG3pq1Bj5oCzRjoWKVogEDHwUHkRz3ekFgt,TOKEN,1854830.0,1854830.0,xv4t5VqVGaH8YfHt4XZDRGKuNMiFpRRAzBHtChuxSiL,A77HErqtfN1hLLpvZ9pCtu66FEtM8BveoaKbbMoZ4RiR,2025-08-04 17:19:25,2025-08-04,4ii3rdAnEPeUjssGdPVSkw6fgBmt51TuwD5oyxcmHpiVu4DcLuPiKoLdQYv3ZcLgQN2cZFodt5pCRv8jRq9fwQgh,7cjG5MfGajAxaqr3JFQM5pdBTYibhLP4WGt8RN9ipump,TOKEN-7cjG5MfG...
HVh6wHNBAsG3pq1Bj5oCzRjoWKVogEDHwUHkRz3ekFgt,TOKEN,1851251.0,1851251.0,xv4t5VqVGaH8YfHt4XZDRGKuNMiFpRRAzBHtChuxSiL,BNTfVujxCYzEFNaUbeRsXEsZddsqYN8qJ25uBBakS1je,2025-08-04 17:19:25,2025-08-04,4ii3rdAnEPeUjssGdPVSkw6fgBmt51TuwD5oyxcmHpiVu4DcLuPiKoLdQYv3ZcLgQN2cZFodt5pCRv8jRq9fwQgh,7cjG5MfGajAxaqr3JFQM5pdBTYibhLP4WGt8RN9ipump,TOKEN-7cjG5MfG...
DBmae92YTQKLsNzXcPscxiwPqMcz9stQr2prB5ZCAHPd,TOKEN,1590407.0,1590407.0,xv4t5VqVGaH8YfHt4XZDRGKuNMiFpRRAzBHtChuxSiL,DBmae92YTQKLsNzXcPscxiwPqMcz9stQr2prB5ZCAHPd,2025-08-04 17:19:24,2025-08-04,nifUSfRVqmBBj7oK67NMJyEKtJb6LsUht1w7xiz5wx2X3Rzs2TDoDrC1Xt2fXnegc21d4ZfKy2j9n6qyMeTPFq8,7cjG5MfGajAxaqr3JFQM5pdBTYibhLP4WGt8RN9ipump,TOKEN-7cjG5MfG...
DBmae92YTQKLsNzXcPscxiwPqMcz9stQr2prB5ZCAHPd,TOKEN,1500000.0,1500000.0,DBmae92YTQKLsNzXcPscxiwPqMcz9stQr2prB5ZCAHPd,BmFdpraQhkiDQE6SnfG5omcA1VwzqfXrwtNYBwWTymy6,2025-08-05 13:22:30,2025-08-05,3CWm7CjK25d35KL63NGTzaXB7cy3fdCpU1iNTNmQ6g2nSJYuyaxqXUjyhZcvzno3uUS3pPTNfdunvycpLWjQUior,Es9vMFrzaCERmJfrF4H2FYD4KCoNkY11McCe8BenwNYB,USDT
DBmae92YTQKLsNzXcPscxiwPqMcz9stQr2prB5ZCAHPd,TOKEN,1036700.0,1036700.0,DBmae92YTQKLsNzXcPscxiwPqMcz9stQr2prB5ZCAHPd,BmFdpraQhkiDQE6SnfG5omcA1VwzqfXrwtNYBwWTymy6,2025-08-02 05:28:01,2025-08-02,5g5pGJFM5HqimBqCtbF5pvvnTAmcVVY9sbME9u4MeqF25gSJFiQK4jKQEwBp8WzAtW7e8CEtugSnLDK32gn2aLDA,9BB6NFEcjBCtnNLFko2FqVQBq8HHM13kCyYcdQbgpump,TOKEN-9BB6NFEc...
DBmae92YTQKLsNzXcPscxiwPqMcz9stQr2prB5ZCAHPd,TOKEN,1000000.0,1000000.0,DBmae92YTQKLsNzXcPscxiwPqMcz9stQr2prB5ZCAHPd,BmFdpraQhkiDQE6SnfG5omcA1VwzqfXrwtNYBwWTymy6,2025-08-05 15:43:54,2025-08-05,2t2M6KkmAa93rt22xtaMjv5mjXvTeuZpGbjVSCD7BUHNUbJkvAosPukEjvkCcRhfom9YMa4U8YnY9pRroAVsU1uo,EKpQGSJtjMFqKZ9KQanSqYXRcF8fBopzLHYxdM65zcjm,TOKEN-EKpQGSJt...
DBmae92YTQKLsNzXcPscxiwPqMcz9stQr2prB5ZCAHPd,TOKEN,1000000.0,1000000.0,DBmae92YTQKLsNzXcPscxiwPqMcz9stQr2prB5ZCAHPd,BmFdpraQhkiDQE6SnfG5omcA1VwzqfXrwtNYBwWTymy6,2025-08-02 05:27:53,2025-08-02,4vzRzyJDKcKqeLCgc2xdA7QNX5i9TNcyYz2E2T2uicv8JiRxa2v1NZw5rmNwDrteTWMFFKGj4cxwBp7ZZ8D4QB3X,EPjFWdd5AufqSSqeM2qN1xzybapC8G4wEGGkZwyTDt1v,USDC
DBmae92YTQKLsNzXcPscxiwPqMcz9stQr2prB5ZCAHPd,TOKEN,1000000.0,1000000.0,DBmae92YTQKLsNzXcPscxiwPqMcz9stQr2prB5ZCAHPd,BmFdpraQhkiDQE6SnfG5omcA1VwzqfXrwtNYBwWTymy6,2025-08-02 05:28:01,2025-08-02,sp4xej3sVxqfTf9XrsRP6uiATz8azDv3NPBBJe6VwuNQL1ezL3WUewKHNFPvhEStK7Gwj2wd5tajNL8XewgdJCV,C29ebrgYjYoJPMGPnPSGY1q3mMGk4iDSqnQeQQA7moon,TOKEN-C29ebrgY...
DBmae92YTQKLsNzXcPscxiwPqMcz9stQr2prB5ZCAHPd,TOKEN,904466.0,904466.0,xv4t5VqVGaH8YfHt4XZDRGKuNMiFpRRAzBHtChuxSiL,47LFovdioZAotz2BFmPkRRfkjuXrWR5zZBExraqHhShu,2025-08-04 17:19:24,2025-08-04,nifUSfRVqmBBj7oK67NMJyEKtJb6LsUht1w7xiz5wx2X3Rzs2TDoDrC1Xt2fXnegc21d4ZfKy2j9n6qyMeTPFq8,7cjG5MfGajAxaqr3JFQM5pdBTYibhLP4WGt8RN9ipump,TOKEN-7cjG5MfG...
HVh6wHNBAsG3pq1Bj5oCzRjoWKVogEDHwUHkRz3ekFgt,TOKEN,885702.0,885702.0,xv4t5VqVGaH8YfHt4XZDRGKuNMiFpRRAzBHtChuxSiL,2Ejnns2Fd5gsZdFJbnkZmQEwbrgoiMc2ikKcS2z2Ps3e,2025-08-04 17:19:25,2025-08-04,4ii3rdAnEPeUjssGdPVSkw6fgBmt51TuwD5oyxcmHpiVu4DcLuPiKoLdQYv3ZcLgQN2cZFodt5pCRv8jRq9fwQgh,7cjG5MfGajAxaqr3JFQM5pdBTYibhLP4WGt8RN9ipump,TOKEN-7cjG5MfG...
DBmae92YTQKLsNzXcPscxiwPqMcz9stQr2prB5ZCAHPd,TOKEN,500000.0,500000.0,DBmae92YTQKLsNzXcPscxiwPqMcz9stQr2prB5ZCAHPd,BmFdpraQhkiDQE6SnfG5omcA1VwzqfXrwtNYBwWTymy6,2025-08-03 17:41:52,2025-08-03,4JKL5PAbXmdFx8PTcBVVyfPw2wHHLC4k4QzbqXTPYreVdo5qU8CnzjKM3FwfTjyU76eYZyJNQEhodooVxJ7AHE3o,ED5nyyWEzpPPiWimP8vYm7sD7TD3LAt3Q3gRTWHzPJBY,TOKEN-ED5nyyWE...
DBmae92YTQKLsNzXcPscxiwPqMcz9stQr2prB5ZCAHPd,TOKEN,500000.0,500000.0,DBmae92YTQKLsNzXcPscxiwPqMcz9stQr2prB5ZCAHPd,BmFdpraQhkiDQE6SnfG5omcA1VwzqfXrwtNYBwWTymy6,2025-08-01 16:54:53,2025-08-01,3CaJ5WsdYV4h2KDgWD72oQB4s9N3ND4kFUUR6HV1eaPy4c1d2i84dyW5Lizcgc4o4XW56h3wgiKJtaPLSwPHCxpn,EPjFWdd5AufqSSqeM2qN1xzybapC8G4wEGGkZwyTDt1v,USDC
DBmae92YTQKLsNzXcPscxiwPqMcz9stQr2prB5ZCAHPd,TOKEN,469835.0,469835.0,xv4t5VqVGaH8YfHt4XZDRGKuNMiFpRRAzBHtChuxSiL,8cLdUbyfFY7BbTAZBWoBjthaN3xbQsG5nixMrF7zhdDU,2025-08-04 17:19:24,2025-08-04,nifUSfRVqmBBj7oK67NMJyEKtJb6LsUht1w7xiz5wx2X3Rzs2TDoDrC1Xt2fXnegc21d4ZfKy2j9n6qyMeTPFq8,7cjG5MfGajAxaqr3JFQM5pdBTYibhLP4WGt8RN9ipump,TOKEN-7cjG5MfG...
DBmae92YTQKLsNzXcPscxiwPqMcz9stQr2prB5ZCAHPd,TOKEN,426100.0,426100.0,DBmae92YTQKLsNzXcPscxiwPqMcz9stQr2prB5ZCAHPd,BmFdpraQhkiDQE6SnfG5omcA1VwzqfXrwtNYBwWTymy6,2025-08-01 14:29:42,2025-08-01,5UxPGqj7oTfvTXLTA7UQtrYcQJKxDWHRzVcun9yCXLZ7oKWYxSpkV4UZrbEpGeMfTB6Wy9wQHdAGa7he7SDUw81f,EKpQGSJtjMFqKZ9KQanSqYXRcF8fBopzLHYxdM65zcjm,TOKEN-EKpQGSJt...
u6PJ8DtQuPFnfmwHbGFULQ4u4EgjDiyYKjVEsynXq2w,TOKEN,384629.32,384629.32,u6PJ8DtQuPFnfmwHbGFULQ4u4EgjDiyYKjVEsynXq2w,CPrMdUbuKzX5TRGKGSTuythwuqYKNf51s7XmFUcTf3Hq,2025-08-06 03:48:36,2025-08-06,52add343bZScVqCL5pa3Dqipp1arvs7rWrBtjPzgKu8P37E69VgGoGqsLg6PLJCGrRLjyy9LsFjamJrVtv2Hb874,5MAYDfq5yxtudAhtfyuMBuHZjgAbaS9tbEyEQYAhDS5y,TOKEN-5MAYDfq5...
u6PJ8DtQuPFnfmwHbGFULQ4u4EgjDiyYKjVEsynXq2w,TOKEN,384173.6146,384173.6146,u6PJ8DtQuPFnfmwHbGFULQ4u4EgjDiyYKjVEsynXq2w,CPrMdUbuKzX5TRGKGSTuythwuqYKNf51s7XmFUcTf3Hq,2025-08-06 03:48:36,2025-08-06,m3DgsW3qd9PHJkj9rmBg2YMNhkpoBTZ3rnwYDP35nBKkcmNgHzMT24WeVB6TEZXq19aFWuiopFTS2utcQVpmXUT,5MAYDfq5yxtudAhtfyuMBuHZjgAbaS9tbEyEQYAhDS5y,TOKEN-5MAYDfq5...
u6PJ8DtQuPFnfmwHbGFULQ4u4EgjDiyYKjVEsynXq2w,TOKEN,382587.1044,382587.1044,u6PJ8DtQuPFnfmwHbGFULQ4u4EgjDiyYKjVEsynXq2w,CPrMdUbuKzX5TRGKGSTuythwuqYKNf51s7XmFUcTf3Hq,2025-08-06 03:48:35,2025-08-06,5EGnj8uQh8uJGRUdKVEaRz3Z8p2ZrtDurN2DWHtuV6j89J3LS9PdLzFshShHbz8QV4a3ARyR5a7piCzWQ2s7MqHc,5MAYDfq5yxtudAhtfyuMBuHZjgAbaS9tbEyEQYAhDS5y,TOKEN-5MAYDfq5...
u6PJ8DtQuPFnfmwHbGFULQ4u4EgjDiyYKjVEsynXq2w,TOKEN,382136.217,382136.217,u6PJ8DtQuPFnfmwHbGFULQ4u4EgjDiyYKjVEsynXq2w,CPrMdUbuKzX5TRGKGSTuythwuqYKNf51s7XmFUcTf3Hq,2025-08-06 03:48:36,2025-08-06,dhAq3JQ2EyAi6mASgeyUmpPnCodv7qXjJzHQrcwL5QicUnTBeZVjthHXz7xixdaf94cjHSd7ArWEjVsVC3XRoqE,5MAYDfq5yxtudAhtfyuMBuHZjgAbaS9tbEyEQYAhDS5y,TOKEN-5MAYDfq5...
u6PJ8DtQuPFnfmwHbGFULQ4u4EgjDiyYKjVEsynXq2w,TOKEN,381686.3899,381686.3899,u6PJ8DtQuPFnfmwHbGFULQ4u4EgjDiyYKjVEsynXq2w,CPrMdUbuKzX5TRGKGSTuythwuqYKNf51s7XmFUcTf3Hq,2025-08-06 03:48:35,2025-08-06,2iXGNUzdCjazH1hkmtgg5GNBh3VruneNBfdarsR4gvfmHCMoZDr9XZ33ZpPKJoNmfqXQQv3QyXutV4RBhMc3j5ue,5MAYDfq5yxtudAhtfyuMBuHZjgAbaS9tbEyEQYAhDS5y,TOKEN-5MAYDfq5...
u6PJ8DtQuPFnfmwHbGFULQ4u4EgjDiyYKjVEsynXq2w,TOKEN,381237.6193,381237.6193,u6PJ8DtQuPFnfmwHbGFULQ4u4EgjDiyYKjVEsynXq2w,CPrMdUbuKzX5TRGKGSTuythwuqYKNf51s7XmFUcTf3Hq,2025-08-06 03:48:36,2025-08-06,5xTEs3ri7ZmCoNSzSvgGYUuvY3QtKULKUrvS6kzuXTnMkNCTSh1nHWLQYn4Td9iGWW7RsC1xbXpPfQJC1AjL4cXd,5MAYDfq5yxtudAhtfyuMBuHZjgAbaS9tbEyEQYAhDS5y,TOKEN-5MAYDfq5...
u6PJ8DtQuPFnfmwHbGFULQ4u4EgjDiyYKjVEsynXq2w,TOKEN,380566.4363,380566.4363,u6PJ8DtQuPFnfmwHbGFULQ4u4EgjDiyYKjVEsynXq2w,CPrMdUbuKzX5TRGKGSTuythwuqYKNf51s7XmFUcTf3Hq,2025-08-06 03:48:36,2025-08-06,5oAfGQXrqgd8SdhL7R2pjHRpb36mcXwYZwwmiwgyPgdfzy9WUVTixifLbUAp93ZbFwaeu9Jbus3qyoi4jhtNB77E,5MAYDfq5yxtudAhtfyuMBuHZjgAbaS9tbEyEQYAhDS5y,TOKEN-5MAYDfq5...
u6PJ8DtQuPFnfmwHbGFULQ4u4EgjDiyYKjVEsynXq2w,TOKEN,380252.92,380252.92,u6PJ8DtQuPFnfmwHbGFULQ4u4EgjDiyYKjVEsynXq2w,3LoByPrZLTygp7qQBqkihyPZs5ouLUKKvSQfhJwBPmFJ,2025-08-06 03:35:40,2025-08-06,5qsAyymbQfYVw5L1e6vusGeQds5hSUmRdai8zdiNspBqXUGt16gnzAfFvQTHy94JBKgHfBDD8HY429jUjn1jtXJd,HUMA1821qVDKta3u2ovmfDQeW2fSQouSKE8fkF44wvGw,TOKEN-HUMA1821...
DBmae92YTQKLsNzXcPscxiwPqMcz9stQr2prB5ZCAHPd,TOKEN,379059.0,379059.0,xv4t5VqVGaH8YfHt4XZDRGKuNMiFpRRAzBHtChuxSiL,3sWMXNyd7AjzYSanF6ct1ewYDYE6fC7xyEqo6ejcKXHN,2025-08-04 17:19:24,2025-08-04,nifUSfRVqmBBj7oK67NMJyEKtJb6LsUht1w7xiz5wx2X3Rzs2TDoDrC1Xt2fXnegc21d4ZfKy2j9n6qyMeTPFq8,7cjG5MfGajAxaqr3JFQM5pdBTYibhLP4WGt8RN9ipump,TOKEN-7cjG5MfG...
u6PJ8DtQuPFnfmwHbGFULQ4u4EgjDiyYKjVEsynXq2w,TOKEN,373567.04,373567.04,u6PJ8DtQuPFnfmwHbGFULQ4u4EgjDiyYKjVEsynXq2w,CKBCxNxdsfZwTwKYHQmBs7J8zpPjCjMJAxcxoBUwExw6,2025-08-06 03:43:42,2025-08-06,58XFekYPpH4sFLvY3Lb6YpSMveCukVpwPasqaSky3NoBfAX9JtdNhmf3Qcqt8JrbVTSUXCPsv8SDZkrbsQ3p7z5z,3vmfEaTR9M2Pp5JcFNC8c8u6U4eFUBdq6FQjgPpcnfKS,TOKEN-3vmfEaTR...
u6PJ8DtQuPFnfmwHbGFULQ4u4EgjDiyYKjVEsynXq2w,TOKEN,324699.2155,324699.2155,u6PJ8DtQuPFnfmwHbGFULQ4u4EgjDiyYKjVEsynXq2w,CPrMdUbuKzX5TRGKGSTuythwuqYKNf51s7XmFUcTf3Hq,2025-08-06 03:48:36,2025-08-06,2iGiwdoVB3w6WyCAABYZckZP3fuuiGtibwuUcaJcszYgLYJSUXasi2DEctM3d9zyYHqiRqToTiLVyV3TVpx8Vd5Z,5MAYDfq5yxtudAhtfyuMBuHZjgAbaS9tbEyEQYAhDS5y,TOKEN-5MAYDfq5...
u6PJ8DtQuPFnfmwHbGFULQ4u4EgjDiyYKjVEsynXq2w,TOKEN,298761.83,298761.83,u6PJ8DtQuPFnfmwHbGFULQ4u4EgjDiyYKjVEsynXq2w,YpnnUu1ZPHpAzy4xggEd5pBTbu1aDayXuARsYsavNs9,2025-08-06 03:33:41,2025-08-06,2KioyDBWwnDXf66ZJZuoei2QCKj3xQ9obTn4VBQNK97WWojMv3VSXRbVtp1TDTHiyPc5ekj1DaFRkxpbCLRU5Y1R,C3DwDjT17gDvvCYC2nsdGHxDHVmQRdhKfpAdqQ29pump,TOKEN-C3DwDjT1...
DBmae92YTQKLsNzXcPscxiwPqMcz9stQr2prB5ZCAHPd,TOKEN,200000.0,200000.0,DBmae92YTQKLsNzXcPscxiwPqMcz9stQr2prB5ZCAHPd,BmFdpraQhkiDQE6SnfG5omcA1VwzqfXrwtNYBwWTymy6,2025-08-02 05:27:41,2025-08-02,3kyLzFiYpCjjsa3g3qj2BZxLsZWx3eAC5dgCn2Le71eP5SgwTD4FkcLbJMu1WSzT5nL3HtGPsLzGYZoCUVEqo2zf,SarosY6Vscao718M4A778z4CGtvcwcGef5M9MEH1LGL,TOKEN-SarosY6V...
u6PJ8DtQuPFnfmwHbGFULQ4u4EgjDiyYKjVEsynXq2w,TOKEN,176903.78,176903.78,u6PJ8DtQuPFnfmwHbGFULQ4u4EgjDiyYKjVEsynXq2w,FukudCCa2hKbQxFAU3ZuwY3fAiNaLpkTWTBepGdY9hhz,2025-08-06 03:56:36,2025-08-06,2yqnUvyzHNnbijZiaftwux2Mhjig129oZ5ffw5Mu2GksocNYGSsbkX4RvhVeKnhjfCw4z6cfhVsoHbZFS6VYzXpB,5voS9evDjxF589WuEub5i4ti7FWQmZCsAsyD5ucbuRqM,TOKEN-5voS9evD...
u6PJ8DtQuPFnfmwHbGFULQ4u4EgjDiyYKjVEsynXq2w,TOKEN,158896.604,158896.604,u6PJ8DtQuPFnfmwHbGFULQ4u4EgjDiyYKjVEsynXq2w,GCvHhEUYQwTJ8jyf8Lc4bv8jBXyZU4LMMsZCobwEPzvM,2025-08-06 03:37:11,2025-08-06,3JMQgngoyvLscfFWYepK4SqbwRWJJcU7iuE3mzyDjNC2CbPnTMjQxCLg3fG64M7Qmi4ERQzNPHx8s4LqpNdkcYZB,GFX1ZjR2P15tmrSwow6FjyDYcEkoFb4p4gJCpLBjaxHD,TOKEN-GFX1ZjR2...
u6PJ8DtQuPFnfmwHbGFULQ4u4EgjDiyYKjVEsynXq2w,TOKEN,158896.604,158896.604,u6PJ8DtQuPFnfmwHbGFULQ4u4EgjDiyYKjVEsynXq2w,GCvHhEUYQwTJ8jyf8Lc4bv8jBXyZU4LMMsZCobwEPzvM,2025-08-06 03:37:14,2025-08-06,hb41m3cDWs8RcngSsyPJKwGbNh72hQmpxkpgSmYEretGe59fhcGWyxLsDJpYDQf99CzduV1bW5MnzcTJAh7oEDk,GFX1ZjR2P15tmrSwow6FjyDYcEkoFb4p4gJCpLBjaxHD,TOKEN-GFX1ZjR2...
u6PJ8DtQuPFnfmwHbGFULQ4u4EgjDiyYKjVEsynXq2w,TOKEN,147686.503,147686.503,u6PJ8DtQuPFnfmwHbGFULQ4u4EgjDiyYKjVEsynXq2w,GCvHhEUYQwTJ8jyf8Lc4bv8jBXyZU4LMMsZCobwEPzvM,2025-08-06 03:28:09,2025-08-06,2qffbXBJa2HPxjjcBSm3cbUorBQjuir14Rzo5KW4kxVYKCdQpa3nATHswJ3hxtphpfMcnXzaEfUf6oNdpLK9Z2bq,GFX1ZjR2P15tmrSwow6FjyDYcEkoFb4p4gJCpLBjaxHD,TOKEN-GFX1ZjR2...
u6PJ8DtQuPFnfmwHbGFULQ4u4EgjDiyYKjVEsynXq2w,TOKEN,144794.19,144794.19,u6PJ8DtQuPFnfmwHbGFULQ4u4EgjDiyYKjVEsynXq2w,3bdhDp5RJsKDc8LxHFYKfMjSGaKhGqckLfVVavfqgoA8,2025-08-06 03:29:09,2025-08-06,nyMqZ8teDRg3UWCsz2gABxhRxFPESkYHTm2dEyJrMShHWRKGqCvjHbSu6b3aRBzdx9b7v77NZkQyUYn39iPUJif,EPjFWdd5AufqSSqeM2qN1xzybapC8G4wEGGkZwyTDt1v,USDC
u6PJ8DtQuPFnfmwHbGFULQ4u4EgjDiyYKjVEsynXq2w,TOKEN,122881.74,122881.74,u6PJ8DtQuPFnfmwHbGFULQ4u4EgjDiyYKjVEsynXq2w,CKBCxNxdsfZwTwKYHQmBs7J8zpPjCjMJAxcxoBUwExw6,2025-08-06 03:44:11,2025-08-06,5XZYQ3dnipsm1Vm2hNc3WisHKTEuP2h83d83PXstwbAqNjR6jzHZs6YBtKiaZ8N4j9oQLR6tnj4z3DjnJTUa3prM,C3DwDjT17gDvvCYC2nsdGHxDHVmQRdhKfpAdqQ29pump,TOKEN-C3DwDjT1...
u6PJ8DtQuPFnfmwHbGFULQ4u4EgjDiyYKjVEsynXq2w,TOKEN,114521.665,114521.665,u6PJ8DtQuPFnfmwHbGFULQ4u4EgjDiyYKjVEsynXq2w,GCvHhEUYQwTJ8jyf8Lc4bv8jBXyZU4LMMsZCobwEPzvM,2025-08-06 03:57:11,2025-08-06,2xRQ8wDDM8TMvsyH3BKUyuuFr8Sw4wXoh9DdxWNmJxyKaQzi8yanujF63QD2pMknNhyFdh8qy65ABib4kPbEFWjj,8BtoThi2ZoXnF7QQK1Wjmh2JuBw9FjVvhnGMVZ2vpump,TOKEN-8BtoThi2...
u6PJ8DtQuPFnfmwHbGFULQ4u4EgjDiyYKjVEsynXq2w,TOKEN,111188.399,111188.399,u6PJ8DtQuPFnfmwHbGFULQ4u4EgjDiyYKjVEsynXq2w,GCvHhEUYQwTJ8jyf8Lc4bv8jBXyZU4LMMsZCobwEPzvM,2025-08-06 03:31:09,2025-08-06,3iCswcizzghtGbaf2f6i7vPeXJ8NfbsSUPaFRY8yP7tXPo8AVwtvH6XrYCY4mCrYzgqU3FoZMxb2w7Ams4qXCP8A,8BtoThi2ZoXnF7QQK1Wjmh2JuBw9FjVvhnGMVZ2vpump,TOKEN-8BtoThi2...
u6PJ8DtQuPFnfmwHbGFULQ4u4EgjDiyYKjVEsynXq2w,TOKEN,105903.955,105903.955,u6PJ8DtQuPFnfmwHbGFULQ4u4EgjDiyYKjVEsynXq2w,GCvHhEUYQwTJ8jyf8Lc4bv8jBXyZU4LMMsZCobwEPzvM,2025-08-06 03:56:11,2025-08-06,5vQiP2pjWwi3M88qMBCUtsSzwTSHj415iL3fJRiDk4F5raVA7sHSBF7pU2Nm1zBRZvBbQwUpBDf8kmNQWBX5qu1y,8BtoThi2ZoXnF7QQK1Wjmh2JuBw9FjVvhnGMVZ2vpump,TOKEN-8BtoThi2...
